{
  "version": 1,
  "author": "Uri Shaked",
  "editor": "wokwi",
  "parts": [
    {
      "type": "wokwi-esp32-devkit-v1",
      "id": "esp",
      "top": 4.7,
      "left": 62.2,
      "attrs": { "env": "micropython-20220618-v1.19.1" }
    },
    {
      "type": "wokwi-led",
      "id": "led1",
      "top": -51.6,
      "left": -63.4,
      "attrs": { "color": "red" }
    },
    {
      "type": "wokwi-resistor",
      "id": "r1",
      "top": 43.2,
      "left": -67.75,
      "rotate": 90,
      "attrs": { "value": "220" }
    },
    {
      "type": "wokwi-led",
      "id": "led2",
      "top": -51.6,
      "left": -5.8,
      "attrs": { "color": "green" }
    },
    {
      "type": "wokwi-led",
      "id": "led3",
      "top": -51.6,
      "left": -34.6,
      "attrs": { "color": "orange" }
    },
    {
      "type": "wokwi-resistor",
      "id": "r2",
      "top": 43.2,
      "left": -10.15,
      "rotate": 90,
      "attrs": { "value": "220" }
    },
    {
      "type": "wokwi-resistor",
      "id": "r3",
      "top": 43.2,
      "left": -38.95,
      "rotate": 90,
      "attrs": { "value": "220" }
    }
  ],
  "connections": [
    [ "esp:TX0", "$serialMonitor:RX", "", [] ],
    [ "esp:RX0", "$serialMonitor:TX", "", [] ],
    [ "led1:A", "r1:1", "green", [ "v0" ] ],
    [ "led1:C", "esp:GND.2", "green", [ "v0" ] ],
    [ "r3:1", "led3:A", "green", [ "h0" ] ],
    [ "r2:1", "led2:A", "green", [ "h0" ] ],
    [ "led3:C", "esp:GND.2", "green", [ "v0" ] ],
    [ "led2:C", "esp:GND.2", "green", [ "v0" ] ],
    [ "r2:2", "esp:D32", "green", [ "h0" ] ],
    [ "r3:2", "esp:D26", "green", [ "v27.6", "h76.8" ] ],
    [ "r1:2", "esp:D12", "green", [ "v56.4", "h105.6" ] ]
  ],
  "dependencies": {}
}